metric	count
total_reads	60523000
assigned	39455648
unassigned	21067352
ambiguous	0
quality_trimmed	0
adapter_trimmed	795256
too_short	0
five_prime_matched_three_prime_missing	0
orientation_canonical	18606371
orientation_swapped	20849277
match_rate	0.651912
sample:I395-14-1	1881771
sample:I395-14-2	1952021
sample:I395-14-3	1796059
sample:I395-14-4	2158081
sample:I395-14-5	2206183
sample:I395-14-6	3706543
sample:I395-16-1	1795835
sample:I395-16-2	1950041
sample:I395-16-3	2159606
sample:I395-16-4	1784781
sample:I395-16-5	2008963
sample:I395-16-6	2515638
sample:I395-17-1	1667262
sample:I395-17-2	2055822
sample:I395-17-3	838802
sample:I395-17-4	2300692
sample:I395-17-5	3139103
sample:I395-17-6	3538445
